x,y_sin,y_cos
-1000.0,-0.8268795405320025,0.5623790762907029
-967.7096774193549,-0.09897778939203161,0.9950896427996156
-935.4193548387096,0.6998988949531542,0.7142419315913576
-903.1290322580645,0.9968925040671469,-0.07877395086406025
-870.8387096774194,0.5790350407994361,-0.8153026563960131
-838.5483870967741,-0.25403651844495545,-0.9671946274128934
-806.258064516129,-0.9049437250698881,-0.4255312614328527
-773.9677419354839,-0.906934434006189,0.42127180348781185
-741.6774193548388,-0.2585811488968201,0.9659895389884926
-709.3870967741935,0.5751953496809359,0.8180160815689541
-677.0967741935484,0.9965111156611881,0.08346014835653112
-644.8064516129032,0.7032492950265579,-0.7109433374360079
-612.516129032258,-0.09429810369238718,-0.9955440058782031
-580.2258064516129,-0.8242262753903177,-0.5662605822024027
-547.9354838709678,-0.9631187692753276,0.26907663642460344
-515.6451612903226,-0.41137864004539443,0.911464543750552
-483.35483870967744,0.4353526349616152,0.9002600086819245
-451.0645161290323,0.9699015064528804,0.24349757243232045
-418.7741935483871,0.8089539937664615,-0.5878719554199636
-386.48387096774195,0.06792224171405613,-0.9976906179174672
-354.1935483870968,-0.7218151502441258,-0.692085897037391
-321.9032258064516,-0.9939537719154051,0.10979935926561091
-289.61290322580646,-0.5533486254744645,0.8329497575997732
-257.32258064516134,0.2840514178159755,0.9588090487874705
-225.0322580645161,0.917764042644724,0.39712612861459173
-192.74193548387098,0.8933669842313693,-0.4493277550801289
-160.45161290322585,0.2283548704306713,-0.9735779645979008
-128.1612903225806,-0.6004058154026697,-0.799695477560462
-95.87096774193549,-0.9986278631643469,-0.0523678423444232
-63.58064516129036,-0.6807544482950815,0.732511693508342
-31.290322580645125,0.1252739536034457,0.9921221883158151
1.0,0.8414709848078965,0.5403023058681398
